job_id,timestamp


https://www.dice.com/job-detail/5ec83865-a985-4f13-8a89-95a227f8d205,2025-11-26T23:14:55.405469
https://www.dice.com/job-detail/de08f984-6a52-47ad-90b8-aaa98c5c8ce5,2025-11-26T23:14:56.615674
https://www.dice.com/job-detail/ee658e25-4710-4232-9c37-afbda8f760c1,2025-11-26T23:14:58.642202
https://www.dice.com/job-detail/acf287db-ee47-4800-a276-19321d00238a,2025-11-26T23:14:59.912324
https://www.dice.com/job-detail/98f32d4f-5319-4de2-bcd4-f6ce3fb7b8ff,2025-11-26T23:23:03.444946
https://www.dice.com/job-detail/19f675d3-7374-4279-be7e-e60fe7c757d8,2025-11-26T23:23:05.301665
https://www.dice.com/job-detail/1cc0e8b4-727b-4a83-b442-e0589be7a246,2025-11-26T23:23:07.087797
https://www.dice.com/job-detail/f708ff71-7436-4ed6-bf1c-ffc1bec7a9bf,2025-11-26T23:23:08.915977
https://www.dice.com/job-detail/65a8f1f1-d4d0-4103-8194-30297e4218b5,2025-11-26T23:23:11.572772
https://www.dice.com/job-detail/9394c4d2-6c4f-4beb-9d40-c5133d9154f0,2025-11-26T23:23:13.222979
https://www.dice.com/job-detail/5e90234f-4e2d-401c-aa4d-92b15b5236db,2025-11-26T23:23:14.930457
https://www.dice.com/job-detail/ef8d5144-3092-428b-bce5-04c99de206a8,2025-11-26T23:23:16.747868
https://www.dice.com/job-detail/10e9ec96-7d80-4483-8381-68fd9b0ca068,2025-11-26T23:23:18.368537
https://www.dice.com/job-detail/e8df86c5-bc93-4497-82e5-5bba1ee452c2,2025-11-26T23:23:39.781245
https://www.dice.com/job-detail/f8db00cd-70be-4b8a-b11b-4be3d35ee3ec,2025-11-26T23:23:41.530523
https://www.dice.com/job-detail/3af369aa-f6e1-4d6b-b58b-00406317554c,2025-11-27T01:46:11.739655
https://www.dice.com/job-detail/c91e080a-dcab-463f-b9c6-ac14c3083246,2025-11-27T01:46:13.640865
https://www.dice.com/job-detail/dbb5d5f8-54c6-48aa-a5c0-81fe2c67fe80,2025-11-27T01:46:32.738057
https://www.dice.com/job-detail/b6893e6f-369a-4cc1-9bfe-245d1da1c922,2025-11-27T03:14:12.664304
https://www.dice.com/job-detail/2bd39319-d702-489a-b0a2-f50f3f59ff3c,2025-11-27T04:28:51.073100
https://www.dice.com/job-detail/df92ed1d-5692-42cf-8c5e-135a6e22bbab,2025-11-27T05:24:27.696669
https://www.dice.com/job-detail/497ef735-ce97-4f3d-849e-79170f5a2f2e,2025-11-27T16:29:20.887770
https://www.dice.com/job-detail/1cc0e8b4-727b-4a83-b442-e0589be7a246,2025-11-28T01:45:58.158331
https://www.dice.com/job-detail/f708ff71-7436-4ed6-bf1c-ffc1bec7a9bf,2025-11-28T01:46:00.306145
https://www.dice.com/job-detail/65a8f1f1-d4d0-4103-8194-30297e4218b5,2025-11-28T01:46:01.833197
https://www.dice.com/job-detail/5e90234f-4e2d-401c-aa4d-92b15b5236db,2025-11-28T01:46:03.372250
https://www.dice.com/job-detail/e8df86c5-bc93-4497-82e5-5bba1ee452c2,2025-11-28T01:46:22.388915
https://www.dice.com/job-detail/f8db00cd-70be-4b8a-b11b-4be3d35ee3ec,2025-11-28T01:46:25.047970
https://www.dice.com/job-detail/3af369aa-f6e1-4d6b-b58b-00406317554c,2025-11-28T03:13:55.758081
https://www.dice.com/job-detail/dbb5d5f8-54c6-48aa-a5c0-81fe2c67fe80,2025-11-28T03:14:13.609231
https://www.dice.com/job-detail/2bd39319-d702-489a-b0a2-f50f3f59ff3c,2025-11-28T05:24:01.096834
https://www.dice.com/job-detail/df92ed1d-5692-42cf-8c5e-135a6e22bbab,2025-11-28T06:36:17.717026
https://www.dice.com/job-detail/0ca13458-38de-4ec2-ac36-bb0ef05676b8,2025-11-28T07:22:56.702770
https://www.dice.com/job-detail/c91e080a-dcab-463f-b9c6-ac14c3083246,2025-11-28T09:24:42.864922
https://www.dice.com/job-detail/a153ed3b-b43a-4af2-bdef-a8df2b927622,2025-11-28T15:23:33.365184
https://www.dice.com/job-detail/497ef735-ce97-4f3d-849e-79170f5a2f2e,2025-11-28T17:20:08.410584
https://www.dice.com/job-detail/cccffe46-7674-4d37-9b2b-8d18cbd7fc15,2025-11-28T17:20:26.437034
https://www.dice.com/job-detail/036053ee-27f1-4cac-816b-9e7edbf69d20,2025-11-28T21:20:16.047139
https://www.dice.com/job-detail/3af369aa-f6e1-4d6b-b58b-00406317554c,2025-11-29T03:14:26.351160
https://www.dice.com/job-detail/e8df86c5-bc93-4497-82e5-5bba1ee452c2,2025-11-29T03:14:43.549683
https://www.dice.com/job-detail/dbb5d5f8-54c6-48aa-a5c0-81fe2c67fe80,2025-11-29T04:27:58.637604
https://www.dice.com/job-detail/1cc0e8b4-727b-4a83-b442-e0589be7a246,2025-11-29T09:22:54.026474
https://www.dice.com/job-detail/65a8f1f1-d4d0-4103-8194-30297e4218b5,2025-11-29T09:22:55.931858
https://www.dice.com/job-detail/f708ff71-7436-4ed6-bf1c-ffc1bec7a9bf,2025-11-29T09:22:57.759227
https://www.dice.com/job-detail/5e90234f-4e2d-401c-aa4d-92b15b5236db,2025-11-29T09:22:59.576929
https://www.dice.com/job-detail/df92ed1d-5692-42cf-8c5e-135a6e22bbab,2025-11-29T09:23:19.993648
https://www.dice.com/job-detail/c91e080a-dcab-463f-b9c6-ac14c3083246,2025-11-29T10:22:53.234902
https://www.dice.com/job-detail/ef8d5144-3092-428b-bce5-04c99de206a8,2025-11-29T15:21:12.900619
https://www.dice.com/job-detail/f8db00cd-70be-4b8a-b11b-4be3d35ee3ec,2025-11-29T21:20:13.731686
https://www.dice.com/job-detail/036053ee-27f1-4cac-816b-9e7edbf69d20,2025-11-29T22:22:00.506067
https://www.dice.com/job-detail/3af369aa-f6e1-4d6b-b58b-00406317554c,2025-11-30T03:41:33.134487
https://www.dice.com/job-detail/e8df86c5-bc93-4497-82e5-5bba1ee452c2,2025-11-30T03:41:54.495072
https://www.dice.com/job-detail/dbb5d5f8-54c6-48aa-a5c0-81fe2c67fe80,2025-11-30T04:36:23.805945
https://www.dice.com/job-detail/0ca13458-38de-4ec2-ac36-bb0ef05676b8,2025-11-30T05:22:42.121680
https://www.dice.com/job-detail/1cc0e8b4-727b-4a83-b442-e0589be7a246,2025-11-30T10:22:27.049615
https://www.dice.com/job-detail/f708ff71-7436-4ed6-bf1c-ffc1bec7a9bf,2025-11-30T10:22:29.966534
https://www.dice.com/job-detail/65a8f1f1-d4d0-4103-8194-30297e4218b5,2025-11-30T10:22:32.907778
https://www.dice.com/job-detail/5e90234f-4e2d-401c-aa4d-92b15b5236db,2025-11-30T10:22:36.103871
https://www.dice.com/job-detail/c91e080a-dcab-463f-b9c6-ac14c3083246,2025-11-30T11:17:57.819324
https://www.dice.com/job-detail/10e9ec96-7d80-4483-8381-68fd9b0ca068,2025-11-30T16:27:14.184154
https://www.dice.com/job-detail/7dc42945-5ca3-4911-8fd9-d0c4b43cc588,2025-11-30T21:20:04.985578
https://www.dice.com/job-detail/3af369aa-f6e1-4d6b-b58b-00406317554c,2025-12-01T04:12:15.092894
https://www.dice.com/job-detail/e8df86c5-bc93-4497-82e5-5bba1ee452c2,2025-12-01T04:12:31.897291
https://www.dice.com/job-detail/dbb5d5f8-54c6-48aa-a5c0-81fe2c67fe80,2025-12-01T05:31:39.783507
https://www.dice.com/job-detail/036053ee-27f1-4cac-816b-9e7edbf69d20,2025-12-01T09:32:49.944094
https://www.dice.com/job-detail/f8db00cd-70be-4b8a-b11b-4be3d35ee3ec,2025-12-01T09:33:12.538657
https://www.dice.com/job-detail/1cc0e8b4-727b-4a83-b442-e0589be7a246,2025-12-01T10:27:59.120860
https://www.dice.com/job-detail/f708ff71-7436-4ed6-bf1c-ffc1bec7a9bf,2025-12-01T10:28:01.403578
https://www.dice.com/job-detail/65a8f1f1-d4d0-4103-8194-30297e4218b5,2025-12-01T10:28:02.933979
https://www.dice.com/job-detail/5e90234f-4e2d-401c-aa4d-92b15b5236db,2025-12-01T10:28:04.972913
https://www.dice.com/job-detail/c91e080a-dcab-463f-b9c6-ac14c3083246,2025-12-01T11:21:21.110532
https://www.dice.com/job-detail/e6e99e4a-2b38-4ace-8210-b97b4e942dd0,2025-12-01T14:26:12.441773
https://www.dice.com/job-detail/497ef735-ce97-4f3d-849e-79170f5a2f2e,2025-12-01T14:26:14.003642
https://www.dice.com/job-detail/a153ed3b-b43a-4af2-bdef-a8df2b927622,2025-12-01T14:26:15.540302
https://www.dice.com/job-detail/ef8d5144-3092-428b-bce5-04c99de206a8,2025-12-01T14:26:17.114572
https://www.dice.com/job-detail/6675e856-b3c0-4c96-b5b4-4b8c877cadaf,2025-12-01T15:26:36.283937
https://www.dice.com/job-detail/ce9a8e0a-d32d-4c46-a51c-a060791fe6fc,2025-12-01T15:26:38.208537
https://www.dice.com/job-detail/71367039-55af-4feb-a156-e4406688e818,2025-12-01T16:32:49.231096
https://www.dice.com/job-detail/cb5f2f60-866e-49ec-892f-16130be94e76,2025-12-01T17:24:43.688372
https://www.dice.com/job-detail/10e9ec96-7d80-4483-8381-68fd9b0ca068,2025-12-01T18:38:14.889770
https://www.dice.com/job-detail/df92ed1d-5692-42cf-8c5e-135a6e22bbab,2025-12-01T19:24:26.814486
https://www.dice.com/job-detail/e05f3082-dd1a-4fc7-b8e5-23471d8e8ef5,2025-12-01T20:24:31.450933
https://www.dice.com/job-detail/a7a9ef67-80b4-4437-9160-430073e21982,2025-12-01T23:22:25.553392
https://www.dice.com/job-detail/ec61d8f4-8f4f-4213-89ba-6f63d3e6cbcc,2025-12-02T01:50:15.713781
https://www.dice.com/job-detail/3af369aa-f6e1-4d6b-b58b-00406317554c,2025-12-02T04:33:24.243831
https://www.dice.com/job-detail/e8df86c5-bc93-4497-82e5-5bba1ee452c2,2025-12-02T04:33:44.451333
https://www.dice.com/job-detail/0ca13458-38de-4ec2-ac36-bb0ef05676b8,2025-12-02T05:23:18.489380
https://www.dice.com/job-detail/dbb5d5f8-54c6-48aa-a5c0-81fe2c67fe80,2025-12-02T06:37:27.477845
https://www.dice.com/job-detail/f8db00cd-70be-4b8a-b11b-4be3d35ee3ec,2025-12-02T10:28:01.710559
https://www.dice.com/job-detail/1cc0e8b4-727b-4a83-b442-e0589be7a246,2025-12-02T11:22:38.416729
https://www.dice.com/job-detail/f708ff71-7436-4ed6-bf1c-ffc1bec7a9bf,2025-12-02T11:22:40.358039
https://www.dice.com/job-detail/65a8f1f1-d4d0-4103-8194-30297e4218b5,2025-12-02T11:22:42.026902
https://www.dice.com/job-detail/5e90234f-4e2d-401c-aa4d-92b15b5236db,2025-12-02T11:22:43.727592
https://www.dice.com/job-detail/497ef735-ce97-4f3d-849e-79170f5a2f2e,2025-12-02T14:26:47.023733
https://www.dice.com/job-detail/fa72ad0f-4660-48c0-96af-082a85db489c,2025-12-02T15:27:44.864265
https://www.dice.com/job-detail/e85c26db-c5e6-468f-8ffc-6bfa0e689ccf,2025-12-02T15:27:46.731667
https://www.dice.com/job-detail/5062e78e-bd20-4620-a84a-cf9fd626c957,2025-12-02T16:33:41.070283
https://www.dice.com/job-detail/71367039-55af-4feb-a156-e4406688e818,2025-12-02T16:33:42.742200
https://www.dice.com/job-detail/ef8d5144-3092-428b-bce5-04c99de206a8,2025-12-02T16:33:44.354186
https://www.dice.com/job-detail/a30d0e1f-9b03-497f-b1d1-2af0ada5b9dd,2025-12-02T16:34:01.095142
https://www.dice.com/job-detail/9b4c8844-6d4d-461f-8cd2-3a07a02f997b,2025-12-02T16:34:02.662927
https://www.dice.com/job-detail/086a6f95-e4f3-45b4-8f46-3853f543dead,2025-12-02T16:34:04.721969
https://www.dice.com/job-detail/1295a0c7-dbe9-4b4b-be50-efcfead373d1,2025-12-02T17:25:51.079986
https://www.dice.com/job-detail/82491373-bb87-43cd-ae88-f4ed82ce426a,2025-12-02T17:25:53.087971
https://www.dice.com/job-detail/5062e78e-bd20-4620-a84a-cf9fd626c957,2025-12-04T21:22:50.427232
https://www.dice.com/job-detail/497ef735-ce97-4f3d-849e-79170f5a2f2e,2025-12-04T21:22:52.280301
https://www.dice.com/job-detail/1cc0e8b4-727b-4a83-b442-e0589be7a246,2025-12-04T21:22:54.089696
https://www.dice.com/job-detail/f708ff71-7436-4ed6-bf1c-ffc1bec7a9bf,2025-12-04T21:22:55.809875
https://www.dice.com/job-detail/65a8f1f1-d4d0-4103-8194-30297e4218b5,2025-12-04T21:22:57.535154
https://www.dice.com/job-detail/5e90234f-4e2d-401c-aa4d-92b15b5236db,2025-12-04T21:22:59.452719
https://www.dice.com/job-detail/67952a76-4109-4e04-8df1-8ad2c3ea9f1c,2025-12-04T21:23:21.260693
https://www.dice.com/job-detail/289d3f2b-4335-40d8-ab7d-99d9e1ae9fbd,2025-12-04T21:23:22.924170
https://www.dice.com/job-detail/4dab834d-9adf-4c4e-9c08-45c26c49687d,2025-12-04T21:23:24.685439
https://www.dice.com/job-detail/1d2d51eb-5dea-42a5-b7cd-5badc55a5f38,2025-12-04T21:23:26.460751
https://www.dice.com/job-detail/e8df86c5-bc93-4497-82e5-5bba1ee452c2,2025-12-04T21:23:28.273084
https://www.dice.com/job-detail/40686b7f-4097-4fdf-90cd-d7588b71f77a,2025-12-04T21:23:30.242335
https://www.dice.com/job-detail/0feca686-6952-4952-8db4-4ccd76a25a33,2025-12-04T23:22:28.884553
https://www.dice.com/job-detail/3af369aa-f6e1-4d6b-b58b-00406317554c,2025-12-05T01:51:09.978929
https://www.dice.com/job-detail/a153ed3b-b43a-4af2-bdef-a8df2b927622,2025-12-05T14:24:39.848990
https://www.dice.com/job-detail/01e2dd5a-3539-4834-b438-a1877bfe9278,2025-12-05T14:25:00.424621
https://www.dice.com/job-detail/a7a9ef67-80b4-4437-9160-430073e21982,2025-12-05T16:30:37.801302
https://www.dice.com/job-detail/93228fea-e28f-4c43-a38c-b32f87649a36,2025-12-05T16:30:55.158182
https://www.dice.com/job-detail/0ca13458-38de-4ec2-ac36-bb0ef05676b8,2025-12-05T21:21:27.751463
https://www.dice.com/job-detail/8496ce55-4594-454a-bac4-b32c01bc4009,2025-12-05T21:21:30.037387
https://www.dice.com/job-detail/0b2924a2-7645-4c05-8479-d9a697152090,2025-12-05T21:21:47.608185
https://www.dice.com/job-detail/5062e78e-bd20-4620-a84a-cf9fd626c957,2025-12-05T22:22:26.581826
https://www.dice.com/job-detail/1cc0e8b4-727b-4a83-b442-e0589be7a246,2025-12-05T22:22:28.994479
https://www.dice.com/job-detail/f708ff71-7436-4ed6-bf1c-ffc1bec7a9bf,2025-12-05T22:22:30.412303
https://www.dice.com/job-detail/65a8f1f1-d4d0-4103-8194-30297e4218b5,2025-12-05T22:22:31.559067
https://www.dice.com/job-detail/5e90234f-4e2d-401c-aa4d-92b15b5236db,2025-12-05T22:22:33.321371
https://www.dice.com/job-detail/036053ee-27f1-4cac-816b-9e7edbf69d20,2025-12-05T22:22:34.546848
https://www.dice.com/job-detail/4dab834d-9adf-4c4e-9c08-45c26c49687d,2025-12-05T22:22:49.566873
https://www.dice.com/job-detail/e8df86c5-bc93-4497-82e5-5bba1ee452c2,2025-12-05T22:22:50.767290
https://www.dice.com/job-detail/40686b7f-4097-4fdf-90cd-d7588b71f77a,2025-12-05T22:22:51.962153
https://www.dice.com/job-detail/3af369aa-f6e1-4d6b-b58b-00406317554c,2025-12-06T03:11:57.457188
https://www.dice.com/job-detail/15652510-94d1-4213-b0fa-de870cf0999c,2025-12-06T09:22:28.733141
https://www.dice.com/job-detail/8496ce55-4594-454a-bac4-b32c01bc4009,2025-12-06T22:21:16.376869
https://www.dice.com/job-detail/5062e78e-bd20-4620-a84a-cf9fd626c957,2025-12-06T23:20:54.667654
https://www.dice.com/job-detail/1cc0e8b4-727b-4a83-b442-e0589be7a246,2025-12-06T23:20:56.781687
https://www.dice.com/job-detail/f708ff71-7436-4ed6-bf1c-ffc1bec7a9bf,2025-12-06T23:20:59.610242
https://www.dice.com/job-detail/65a8f1f1-d4d0-4103-8194-30297e4218b5,2025-12-06T23:21:02.467437
https://www.dice.com/job-detail/5e90234f-4e2d-401c-aa4d-92b15b5236db,2025-12-06T23:21:04.645883
https://www.dice.com/job-detail/40686b7f-4097-4fdf-90cd-d7588b71f77a,2025-12-06T23:21:21.735649
https://www.dice.com/job-detail/e8df86c5-bc93-4497-82e5-5bba1ee452c2,2025-12-06T23:21:23.179468
https://www.dice.com/job-detail/3af369aa-f6e1-4d6b-b58b-00406317554c,2025-12-07T03:41:24.909247
https://www.dice.com/job-detail/4dab834d-9adf-4c4e-9c08-45c26c49687d,2025-12-07T05:21:23.525718
https://www.dice.com/job-detail/1d2d51eb-5dea-42a5-b7cd-5badc55a5f38,2025-12-07T05:21:25.359042
https://www.dice.com/job-detail/15652510-94d1-4213-b0fa-de870cf0999c,2025-12-07T10:21:28.424273
https://www.dice.com/job-detail/8496ce55-4594-454a-bac4-b32c01bc4009,2025-12-07T23:20:36.282351
https://www.dice.com/job-detail/5062e78e-bd20-4620-a84a-cf9fd626c957,2025-12-08T01:51:48.513228
https://www.dice.com/job-detail/1cc0e8b4-727b-4a83-b442-e0589be7a246,2025-12-08T01:51:51.069886
https://www.dice.com/job-detail/f708ff71-7436-4ed6-bf1c-ffc1bec7a9bf,2025-12-08T01:51:53.431943
https://www.dice.com/job-detail/65a8f1f1-d4d0-4103-8194-30297e4218b5,2025-12-08T01:51:55.187865
https://www.dice.com/job-detail/5e90234f-4e2d-401c-aa4d-92b15b5236db,2025-12-08T01:51:56.918808
https://www.dice.com/job-detail/40686b7f-4097-4fdf-90cd-d7588b71f77a,2025-12-08T01:52:13.327868
https://www.dice.com/job-detail/e8df86c5-bc93-4497-82e5-5bba1ee452c2,2025-12-08T01:52:15.639569
https://www.dice.com/job-detail/3af369aa-f6e1-4d6b-b58b-00406317554c,2025-12-08T04:36:16.673009
https://www.dice.com/job-detail/4dab834d-9adf-4c4e-9c08-45c26c49687d,2025-12-08T05:26:27.202437
https://www.dice.com/job-detail/0ca13458-38de-4ec2-ac36-bb0ef05676b8,2025-12-08T07:27:21.276002
https://www.dice.com/job-detail/2db4011b-67fe-45c4-ad8a-dae4beb9ea20,2025-12-08T09:32:22.163020
https://www.dice.com/job-detail/15652510-94d1-4213-b0fa-de870cf0999c,2025-12-08T10:27:53.198692
https://www.dice.com/job-detail/a153ed3b-b43a-4af2-bdef-a8df2b927622,2025-12-08T14:26:36.210563
https://www.dice.com/job-detail/93228fea-e28f-4c43-a38c-b32f87649a36,2025-12-08T14:26:58.405409
https://www.dice.com/job-detail/f7b44f5d-5ebb-40c4-b52b-5640d7c39baa,2025-12-08T15:28:05.062582
https://www.dice.com/job-detail/9b4c8844-6d4d-461f-8cd2-3a07a02f997b,2025-12-08T15:28:07.937829
https://www.dice.com/job-detail/1d2d51eb-5dea-42a5-b7cd-5badc55a5f38,2025-12-08T15:28:09.919565
https://www.dice.com/job-detail/a7a9ef67-80b4-4437-9160-430073e21982,2025-12-08T16:32:17.346324
https://www.dice.com/job-detail/cb5f2f60-866e-49ec-892f-16130be94e76,2025-12-08T18:36:12.111106
https://www.dice.com/job-detail/004440d0-678b-458b-adf4-ced8ea669daf,2025-12-08T21:20:18.881456
https://www.dice.com/job-detail/8496ce55-4594-454a-bac4-b32c01bc4009,2025-12-08T23:22:53.405382
https://www.dice.com/job-detail/5062e78e-bd20-4620-a84a-cf9fd626c957,2025-12-09T03:21:44.333388
https://www.dice.com/job-detail/40686b7f-4097-4fdf-90cd-d7588b71f77a,2025-12-09T03:22:00.207469
https://www.dice.com/job-detail/e8df86c5-bc93-4497-82e5-5bba1ee452c2,2025-12-09T03:22:01.595587
https://www.dice.com/job-detail/3af369aa-f6e1-4d6b-b58b-00406317554c,2025-12-09T05:23:59.290395
https://www.dice.com/job-detail/1cc0e8b4-727b-4a83-b442-e0589be7a246,2025-12-09T09:28:13.724762
https://www.dice.com/job-detail/65a8f1f1-d4d0-4103-8194-30297e4218b5,2025-12-09T09:28:15.222953
https://www.dice.com/job-detail/f708ff71-7436-4ed6-bf1c-ffc1bec7a9bf,2025-12-09T09:28:16.756107
https://www.dice.com/job-detail/5e90234f-4e2d-401c-aa4d-92b15b5236db,2025-12-09T09:28:18.337248
https://www.dice.com/job-detail/15652510-94d1-4213-b0fa-de870cf0999c,2025-12-09T10:28:30.142976
https://www.dice.com/job-detail/2db4011b-67fe-45c4-ad8a-dae4beb9ea20,2025-12-09T10:28:32.290851
https://www.dice.com/job-detail/a153ed3b-b43a-4af2-bdef-a8df2b927622,2025-12-09T15:28:59.462205
https://www.dice.com/job-detail/1d2d51eb-5dea-42a5-b7cd-5badc55a5f38,2025-12-09T15:29:20.966864
https://www.dice.com/job-detail/93228fea-e28f-4c43-a38c-b32f87649a36,2025-12-09T15:29:22.745537
https://www.dice.com/job-detail/44e1013d-c06a-4798-9985-729bb86743a1,2025-12-09T15:29:24.587028
https://www.dice.com/job-detail/19f675d3-7374-4279-be7e-e60fe7c757d8,2025-12-09T16:31:43.101565
https://www.dice.com/job-detail/0ca13458-38de-4ec2-ac36-bb0ef05676b8,2025-12-09T16:31:45.288136
https://www.dice.com/job-detail/4dab834d-9adf-4c4e-9c08-45c26c49687d,2025-12-09T16:32:06.791820
https://www.dice.com/job-detail/004440d0-678b-458b-adf4-ced8ea669daf,2025-12-09T21:21:00.773389
https://www.dice.com/job-detail/f7e147ab-3856-4d5c-bdd1-5ee54d64ba25,2025-12-09T21:21:02.849484
https://www.dice.com/job-detail/8496ce55-4594-454a-bac4-b32c01bc4009,2025-12-10T01:53:02.999073
https://www.dice.com/job-detail/5062e78e-bd20-4620-a84a-cf9fd626c957,2025-12-10T03:25:38.715923
https://www.dice.com/job-detail/40686b7f-4097-4fdf-90cd-d7588b71f77a,2025-12-10T03:25:59.880249
https://www.dice.com/job-detail/3af369aa-f6e1-4d6b-b58b-00406317554c,2025-12-10T05:25:03.940575
https://www.dice.com/job-detail/1cc0e8b4-727b-4a83-b442-e0589be7a246,2025-12-10T09:30:28.048963
https://www.dice.com/job-detail/f708ff71-7436-4ed6-bf1c-ffc1bec7a9bf,2025-12-10T09:30:31.135808
https://www.dice.com/job-detail/65a8f1f1-d4d0-4103-8194-30297e4218b5,2025-12-10T09:30:32.571423
https://www.dice.com/job-detail/5e90234f-4e2d-401c-aa4d-92b15b5236db,2025-12-10T09:30:35.515645
https://www.dice.com/job-detail/15652510-94d1-4213-b0fa-de870cf0999c,2025-12-10T11:22:02.054008
https://www.dice.com/job-detail/2db4011b-67fe-45c4-ad8a-dae4beb9ea20,2025-12-10T11:22:04.218953
https://www.dice.com/job-detail/13c44916-e113-4ae8-be1a-1192a490dd61,2025-12-10T15:29:28.703343
https://www.dice.com/job-detail/1d2d51eb-5dea-42a5-b7cd-5badc55a5f38,2025-12-10T16:32:32.087775
https://www.dice.com/job-detail/44e1013d-c06a-4798-9985-729bb86743a1,2025-12-10T16:32:33.274213
https://www.dice.com/job-detail/e8df86c5-bc93-4497-82e5-5bba1ee452c2,2025-12-10T16:32:34.647008
https://www.dice.com/job-detail/0ca13458-38de-4ec2-ac36-bb0ef05676b8,2025-12-10T17:26:16.867496
https://www.dice.com/job-detail/4dab834d-9adf-4c4e-9c08-45c26c49687d,2025-12-10T17:26:38.376451
https://www.dice.com/job-detail/dbb5d5f8-54c6-48aa-a5c0-81fe2c67fe80,2025-12-10T17:26:40.022510
https://www.dice.com/job-detail/8910a3ca-18a5-48b1-8a3b-a98877b1e8c0,2025-12-10T18:35:12.380177
https://www.dice.com/job-detail/ce9a8e0a-d32d-4c46-a51c-a060791fe6fc,2025-12-10T19:20:43.810407
https://www.dice.com/job-detail/ca9faa87-2146-4985-97f1-92072027eed5,2025-12-10T19:20:59.873372
https://www.dice.com/job-detail/004440d0-678b-458b-adf4-ced8ea669daf,2025-12-10T21:26:35.633281
https://www.dice.com/job-detail/f7e147ab-3856-4d5c-bdd1-5ee54d64ba25,2025-12-10T21:26:37.542563
